title,company,location,salary,description,experience,employment_type,schedule,working_hours,work_format,published_date,link,skills,salary_range,published_date_dt
Менеджер отдела продаж,ТОО BAcademy,Алматы,"от 200 000 до 650 000 ₸ за месяц, на руки","Мы ищем менеджеров, которые хотят хорошо зарабатывать.

Добрый день, дорогой менеджер! Описание этой вакансии написал директор, он же владелец бизнеса.

Давай познакомимся! Меня зовут Бакыт Шамырканов Я считаю, что компания – это люди, и отношение предпринимателя к сотрудникам напрямую влияет на успех бизнеса..

О нашей компании:

Моя компания помогает бухгалтерам и финансистам обучаться новым профессиям, получать работу с лучшими условиями и добиваться повышения. Например, мы учим бухгалтеров финансовому анализу, даем расчёты, разбираем кейсы и помогаем людям получать повышение.

Мы ищем, менеджеров у кого:

Опыт от 3-х лет в активных продажах
Опыт в образовательных центрах
Опыт в онлайн продажах
Умение находить контакт с клиентами, быть активным и целеустремленным
Опыт работы в Битрикс24 приветствуется
Обязательное условие выполнение нормативов: 40 звонков в день, 2 часа активных разговоров в течение рабочего дня.
Наличие компьютера/ноутбука, гарнитуры для удаленной работы.

Что мы предлагаем:

Фиксированный Оклад 200 тыс тенге +бонусы от продаж (через 3 месяца успешной работы поднимаем оклад до 300тыс. тенге)
Официальное трудоустройство.
График работы: 5 дней с 10:00 до 19:00. (СБ и ВС - выходной день)

Конкурсный отбор кандидатов открыт до 15 февраля 2024 г.",3–6 лет,Полная занятость,График: 5/2,8,Удалённо,10 мая 2025,https://hh.kz/vacancy/119943504,Не указано,200000-650000 ₸,2025-05-10
Руководитель отдела аналитики,ТОО iMAS GROUP,Астана,"400 000 ₸ за месяц, на руки","“iMAS Group” - международная IT- компания - разработчик системы мониторинга СМИ и социальных сетей. Офисы в гг.Астана, Семей и Ташкент. В планах выход на рынки стран СН, ЮВА и США.

Мы решаем любые задачи в сфере медиа анализа и по мониторингу общественно-политической ситуации, стратегическому анализу и прогнозированию, репутационному аудиту и антикризисному PR.
Мониторим ведущие СМИ мира из 150 стран, социальные сети, телеграмм каналы, мессенджеры.
Предоставляем доступ к системе 24/7 с любых устройства. Формируем отчеты ежечасно/ежедневно.


В этой связи, в команду требуется целеустремленный, энергичный и опытный руководитель отдела. Кандидат должен быть ориентирован не на процесс, а на результат.
Руководитель отдела будет нести ответственность за бесперебойную реализацию проектов и предоставление услуг по мониторингу СМИ и соцсетей, коммуникацию с клиентами, общую координацию работы группы аналитиков, а также организацию бизнес процессов в отделе аналитики.

Требования:
- Высшее образование в области журналистики, социальных или политических наук, права, международного отношения, связей с общественностью или соответствующих областях;
- Не менее 3-х лет опыта работы в аналитических структурах, организациях или Центрах;
- Не менее 2-х лет на руководящих позициях;
- Опыт написания различных аналитических справок/записок и формирования отчетов по итогам глубинного исследования;
- Желательно знание основных программ, которые используются для мониторинга СМИ и социальных сетей (например: iMAS, Youscan, Popsters, LiveDune, TG Stat, Brandwatch или служба новостей Nexis)

Условия:
Оформление по ТК РК;

Бонусы и премии по результатам работы;
График работы Пн-Пт - с 9:00-18:00
Дружный молодой коллектив;
Обучение и адаптация;
Возможность карьерного и профессионального роста;
Корпоративные мероприятия.",3–6 лет,Полная занятость,График: 5/2,8,На месте работодателя,10 мая 2025,https://hh.kz/vacancy/119958209,Не указано,400000 ₸,2025-05-10
Ассистент-помощник для менеджера WB,ИП I like,Астана,"от 200 000 до 280 000 ₸ за месяц, на руки","Задачи ассистента-помощника для менеджера WB:
- Выполнений поручений менеджера
- Ведение и развитие товаров на маркетплейсе Wildberries вместе с менеджером WB
- Продвижение и запуск брендов
- Разработка стратегии, планирование и проведение маркетинговых активностей и анализ их эффективности
- Внутренняя и внешняя реклама, работа с блогерами анализ рекламы, ключевые слова
- Исследование рынка и анализ ниш, конкурентов и тренды
- Планирование продаж по категории и по товарам
- Управление ассортиментом, обеспечение на сайте актуальных данных
- Управление контентом, размещение новых товарных позиций, заполнение карточек и SEO-описаний, инфографика (умение работать с canva)
- Работа с аналитикой
- Постановка задач дизайнерам, написание ТЗ
- Подготовка отчетности и аналитики по результатам работы
- Отслеживание нововведений, изменений по работе с маркетплейсами
Ключевые навыки:
- Умение быстро обучаться и адаптироваться к новым условиям рынка - Есть опыт работы помощником руководителя либо ассистентом
- Опыт работы на маркетплейсе Wildberries от 6 мес (карточки товаров, поставки, акции, аналитика продаж)
- Знание алгоритмов ранжирования, требований к контенту, обновлений оферты
- Самостоятельность, инициативность, активность и нацеленность на результат
- Соблюдение сроков исполнения запланированных задач
Что мы готовы вам дать?
- Поддержку, внутренне обучение
- Уютный и дружный коллектив, нацеленный на результат
- Удаленный формат работы
- Возможность развития и карьерного роста
- Возможность воплощения перспективных идей",1–3 года,Полная занятость,График: 6/1,по договорённости,Удалённо,10 мая 2025,https://hh.kz/vacancy/120355304,Не указано,200000-280000 ₸,2025-05-10
Senior Accountant/Старший бухгалтер,ЧАСТНАЯ КОМПАНИЯ COLLECT&PAY LTD.,Астана,"от 1 000 $ за месяц, на руки","About Us:

Collect Group Holdings is a forward-thinking group of fintech companies founded in 2017. We are dedicated to revolutionizing how businesses manage their customer relationships. With a strong commitment to innovation and excellence, we specialize in developing cutting-edge fintech and blockchain platforms.

We are currently seeking an experienced and detail-oriented Senior accountant to join our team in Astana.

Key Responsibilities:

Accounting and tax accounting
Provision of financial, accounting reports, as well as all other mandatory reports within the established deadlines
Tax accounting and preparation of tax reporting
Preparation of documents for internal and external auditors
Developing financial policies, making plans, budgets, estimates, presenting them to the Co-founders of the company to get approval of the prepared documents
Participates in organizing the company's operations to increase profits
Analyses actual costs
Ensures the budgeting process and monitors budget execution
Prepares actual managerial and financial reports
Identifies cost savings
Participates in the economic analysis of the company's financial and business activities based on accounting reports to identify internal reserves, implements cost-saving measures, and improves document flow
Engages in the development and implementation of advanced forms and methods of accounting and financial reporting
Acts as an audit liaison- meets with external audit staff, reviews audit results, adjusts reports, and communicates audit findings to management
Conducts inventories of cash and material assets

Qualifications:

Certified Public Accountant (CPA), Certified Management Accountant (CMA), Certified Financial Analyst (CFA), Association of Chartered Certified Accountants (ACCA) Qualification, or any other type of license
Candidates with an MBA or a Master’s degree in Accounting are preferred
Proficient in English at an upper-intermediate level or higher (both written and spoken), fluent in Russian, proficiency in Kazakh is an asset;
Confident user of “1C Enterprise”
Confident user of E-cabinet of the taxpayer
Zoho Books
User of Bank-client systems
Successful experience of passing audits by tax authorities and other regulatory bodies

We expect from you:

A deep understanding of finance and accounting including GAAP and IFRS
Work experience in Fintech and Crypto companies is an advantage
Extensive proven experience in finance and accounting
Experience in leading teams of finance and accounting professionals to achieve organizational goals
The ability to prepare accurate reports
Strong communication skills to effectively convey complex financial information to non-specialists
Well-developed time management skills, allowing you to meet commitments within strict deadlines

What do we offer?

You will have the status of an employee at a tech company with great growth potential, a very long runway, and large, growing markets
Competitive salary and stable working conditions
Career and professional development opportunities
Paid lunches, access to a gym
Engaging tasks that will help you grow
A friendly team with no unnecessary formalities and hierarchy
Opportunity for additional company-sponsored training",3–6 лет,Полная занятость,График: 5/2,8,На месте работодателя,10 мая 2025,https://hh.kz/vacancy/120023422,Не указано,от 1000 $,2025-05-10
Бизнес - ассистент,ТОО Ресурс Плюс KZ,Алматы,"от 500 000 ₸ за месяц, на руки","Ищем не просто ассистента — ищем боевого напарника для сильного и требовательного руководителя.
Вам предстоит быть правой рукой: вникать в суть процессов, держать темп, держать планку и держать слово.

Если это о вас:
• Вы системный человек, а хаос — только в голове конкурентов
• У вас отличная память, логика и умение «всё держать в руках»
• Вас не пугают задачи из серии «всё срочно, всё важно, но всё можно разрулить»
• Вас не расшатывает критика, а наоборот — подстёгивает
• Вы не жалуетесь, а предлагаете решения
• Вы умеете слышать и подстраиваться, но при этом сохранять своё мнение
• Глубокий респект Excel и финансовому анализу

Что важно:
• Финансовое образование (обязательно)
• Умение вести деловую переписку, фиксировать договорённости, готовить материалы к совещаниям
• Присутствие на всех ключевых встречах — фиксация, контроль follow-up, координация
• Многозадачность, быстрая реакция, высокая ответственность
• Эмпатия, дипломатия, настойчивость и тактичность — ваш must-have soft skill
• Позитивное отношение к жизни, самообладание под давлением и чувство юмора — в плюс

Что предлагаем:
• Интересные задачи в плотной связке с топ-менеджером
• Быстрый рост в управленческой среде
• Сильная школа — после этой роли вас не испугает ни один бизнес-процесс
• Заработная плата — обсуждается по результатам интервью

Готовы к новым достижениям? Тогда ваш следующий шаг — откликнуться на эту вакансию!",3–6 лет,Полная занятость,График: 5/2,8,На месте работодателя,10 мая 2025,https://hh.kz/vacancy/119963383,Не указано,от 500000 ₸,2025-05-10
SMM-специалист для образовательной платформы,ТОО TECHNO PARTNERS,Алматы,"от 200 000 ₸ за месяц, на руки","Мы — образовательная онлайн-платформа, которая помогает школьникам готовиться к экзаменам и повышать успеваемость. В нашу команду ищем SMM-специалиста, который поможет сделать наш контент полезным, заметным и любимым среди учеников, родителей и учителей.

Обязанности:
• Разработка стратегии продвижения в соцсетях (Instagram, TikTok, Telegram и др.);
• Создание контента: посты, сторис, рилс/шортсы, карусели;
• Продвижение образовательных продуктов через контент;
• Взаимодействие с подписчиками, повышение вовлеченности;
• Отслеживание аналитики, корректировка стратегии на основе данных;
• Поддержка запусков курсов, марафонов, акций.

Требования:
• Опыт в сфере SMM от 1 года (опыт в сфере образования — плюс);
• Навыки создания визуального и текстового контента;
• Умение работать с Canva, Figma, Photoshop (или другими инструментами);
• Грамотность, инициативность, понимание актуальных digital-трендов;
• Ответственный подход и любовь к обучению.

Условия:
• Удалённая работа / гибкий график;
• Оплата обсуждается индивидуально (фикс или по проектам);
• Возможность роста внутри проекта;
• Молодая команда, полезный продукт, свобода креатива.",1–3 года,Частичная занятость,График: 5/2,8,Удалённо,10 мая 2025,https://hh.kz/vacancy/119813620,Не указано,от 200000 ₸,2025-05-10
Финансист-экономист (главный специалист),ТОО АстанаЭлектроСтройСервис,Астана,Не указано,"ТОО «АстанаЭлектроСтройСервис» - компания, специализирующаяся на проектировании и внедрении автоматизированных систем коммерческого учёта электроэнергии (АСКУЭ), телеметрия, телемеханика, SCADA и ГИС приглашает в команду опытного финансиста-экономиста.

Обязанности:
Планирование и контроль исполнения бюджета;
Расчет и анализ прибыльности компании, формирование финансовой и управленческой отчетности;
Управление финансовыми потоками (кассовый поток, платежный календарь, контроль счетов);
Оптимизация налогообложения, учета и аудита компании;
Расчет бизнес-планов, анализ эффективности проектов;
Формирование экономических моделей, калькуляторов рентабельности;
Прогнозирование финансовых показателей и бизнес-аналитика.
Требования:
Высшее образование в области экономики, финансов;
Опыт работы в должности экономиста/финансиста/финансового аналитика от 3 лет;
Умение работать с финансовыми и управленческими отчетами, бизнес-планами;
Понимание принципов учета, налогообложения, планирования и анализа затрат;
Навыки разработки и использования экономических моделей;
Внимательность, ответственность, системное мышление, ориентация на результат.
Условия:
Работа в стабильной инженерной компании;
Оформление согласно Трудовому кодексу РК;
График работы: 5/2, офис в г. Астана.

Ждем Ваше резюме!",1–3 года,Полная занятость,График: 5/2,8,На месте работодателя,10 мая 2025,https://hh.kz/vacancy/119584920,Не указано,Не указано,2025-05-10
Руководитель отдела маркетинга/Head of Marketing,ТОО Sortex Techno,Алматы,Не указано,"Genau – быстрорастущая международная компания (Казахстан, Россия, Узбекистан), специализирующаяся на продажах фитнес оборудования.

Сейчас мы в поиске Руководителя отдела маркетинга, который будет отвечать за общий рост компании в Казахстане и ежедневное управление, оптимизацию и масштабирование всех каналов (Meta, TikTok, Google, Kaspi, SMM), уделяя особое внимание достижению конверсий с заданным целевым показателем CPA и ДРР.

Обязанности:

Управление рекламными кампаниями в Meta, TikTok, Google Ads и других digital-каналах:

• Регулярная оптимизация рекламных кампаний (корректировка ставок, бюджетов, приостановка и запуск рекламы и т. д.).

• Запуск A/B-тестов с четкими гипотезами для получения ключевых выводов.

• Анализ данных для выявления возможностей по оптимизации.

• Создание структур рекламных аккаунтов в соответствии с лучшими практиками компании, включая соблюдение стандартов структурирования и тестирование/масштабирование стратегий.

• Совместная работа с руководителями маркетинга из других стран на еженедельной основе для обмена новыми методами оптимизации и стратегиями масштабирования.

• Внедрение эффективной автоматизации закупки рекламы 24/7 для обеспечения стабильной работы кампаний за пределами рабочего времени и минимизации ручного контроля.

Контроль эффективности маркетинга и аналитика:

• Анализ ключевых метрик: CPM, CTR, CAC, CPA, ROAS.

• Проведение A/B тестов.

• Работа со сквозной аналитикой (Google Analytics, CRM, Roistat).

Работа с креативами:

• Постановка задач креативной команде на разработку видео- и статичных креативов.

• Тестирование различных форматов (UGC, анимация, статичные баннеры).

• Анализ эффективности креативов и масштабирование работающих концепций.

Оптимизация воронки продаж и CRO:

• Улучшение конверсии на лендингах и маркетплейсах

• Взаимодействие с CRM и отделом продаж.

• Анализ юнит-экономики и пути клиента.

Участие в разработке стратегии digital-продвижения:

• Работа в связке с глобальным CMO.

• Контроль распределения бюджетов по каналам.

• Развитие новых рекламных форматов и площадок.


Работа с инфлюенс маркетингом и маркетплейсами:

• Организация закупки рекламы у блогеров и производства UGC контента

• Управление внутренней рекламой и продвижением на маркетплейсах

• Развитие новых рекламных форматов и площадок.


Контент маркетинг и SMM:

• Разработка стратегии ведения соц.сетей

• Создание релевантного контента на площадках Instagram, Tik-Tok в стране с целью повышение бесплатных охватов и узнаваемости бренда

• Ведение канала на Youtube (длинные видео, Shorts) и работа с рейтингами и креаторами на ютуб.


PR и оффлайн маркетинг:

• Участие в релевантных выставках и мероприятиях

• Спецпроекты и коллаборации с другими брендами

• Управление Showroom Experience и офлайн рекламными каналами

Резюмируя: 80% внимания — на performance, influence и CRO (Meta, TikTok, Google, Kaspi, landing pages and influence marketing), остальное — на контенте и бренд-активностях.

Требования:

Опыт на должности Head of Marketing/Digital marketing от 3 лет (желательно в e-commerce, товарных бизнесах, маркетплейсах).
Опыт успешного управления performance-командой (таргетологи, контекстологи) и понимание нюансов настройки рекламных кампаний в Meta Ads, Google Ads, TikTok Ads и других каналах.
Понимание аналитики и метрик маркетинга (CPM, CTR, CPA, ДРР, ROAS, ROMI).
Опыт работы с CRM и аналитикой (Google Analytics, Яндекс Метрика, сквозная аналитика).
Навыки тестирования креативов (понимание, какие креативы работают в Meta/TikTok).
Опыт работы с большими бюджетами (от $20K/мес).
Навыки работы с Excel/Google Sheets, аналитикой, дашбордами.
Способность самостоятельно анализировать данные и принимать решения.
Коммуникация с отделами продаж и сервиса
Понимание работы маркетплейсов (Kaspi).

Что мы предлагаем:

Работа в компании с узнаваемым брендом – лидером рынка.

Конкурентная зарплата + KPI-бонусы за выполнение целей (CPA, ДРР, выручка).

Большие бюджеты на продвижение (100k+ USD в месяц)

Работа в компании с международным присутствием и высококлассными специалистами со всего мира.

Работа с сильной командой маркетинга, креатива и продаж.

Гибридный формат работы (офис + удаленно).

Влияние на масштабный маркетинг в растущей международной компании, где ценится инициативность, эксперименты и профессионализм. Возможность построить одну из самых сильных локальных маркетинговых команд в регионе.

​​​​​​​

Если ты знаешь, как делать эффективный и результативный маркетинг, готов брать ответственность за результат и хочешь работать с большими бюджетами – добро пожаловать в нашу команду!",3–6 лет,Полная занятость,График: 5/2,8,Гибрид,10 мая 2025,https://hh.kz/vacancy/119802457,Не указано,Не указано,2025-05-10
Финансовый аналитик,Дочерняя компания АО Банк ЦентрКредит ТОО BCC Leasing,Алматы,Не указано,"Обязанности:

Финансовое планирование, бюджетирование и анализ отклонений;

Подготовка управленческой и финансовой отчетности;

Контроль движения денежных средств;

Контроль финансовых показателей;

Участие в постановке и оптимизации финансово-бухгалтерских процессов;

Ведение отчетности по проектам, взаимодействие с бухгалтерией;

Взаимодействие с аудиторами, с банком;

Требования:

Высшее образование в сфере финансов, экономики или бухгалтерского учета;

Опыт работы от 3 лет на позиции финансиста или заместителя главного бухгалтера;

Знание бухгалтерского учета, понимание налогового учета;

Уверенный пользователь 1С, Excel;

Умение составлять и анализировать финансовую и управленческую отчетность;

Аналитическое мышление, внимательность к деталям;

Условия:
График работы 5/2 с 10-19:00 (09-18:00);
Офис в центре города- Достык 97;
Молодой коллектив профессионалов своего дела;
Стабильная заработная плата 2 раза в месяц + квартальный KPI;
Медицинская страховка;
Компенсация при рождении ребенка;
Бесплатный тренажерный зал;
Обучение за счет компании; (Lerna)
Корпоративный психолог;",3–6 лет,Полная занятость,График: 5/2,8,На месте работодателя,10 мая 2025,https://hh.kz/vacancy/119939874,Не указано,Не указано,2025-05-10
Категорийный менеджер,ТОО Marvel Kazakhstan,Алматы,Не указано,"Обязанности:

Анализ рынка и поиск новых товарных ниш;

Выполнение плановых показателей по объему продаж и маржинальности;

Организация распродаж, рекламный кампаний и других промо;

Парсинг;

Работа со стоком;

АВС-анализ, ротация ассортимента, ввод новинок;

Курирование менеджеров по продажам;

Постоянный мониторинг конкурентной среды;

Подготовка и участие в переговорах с бренд-холдерами;

Принимает участие в создании торговых планов до их финального утверждения;

Работа с действующими аккаунтами компании в маркетплейсах;

Анализ статистики продаж, маржинальности - в сравнении с конкурентами;

Взаимодействие с техподдержкой площадок;

Автоматизация и оптимизация процессов работы;

Маркетинговая стратегия;

Работа и внедрение CRM;

Закуп товара у поставщиков.

Требования:

MS Excel;

Английский язык – средний, продвинутый;

Казахский язык – средний, продвинутый;

Базовые знания в IT будут преимуществом.

Преимущества:
График работы с 09.30 до 18.30 (5/2), в офисе;",3–6 лет,Полная занятость,График: 5/2,8,На месте работодателя,10 мая 2025,https://hh.kz/vacancy/120007852,Не указано,Не указано,2025-05-10
Аналитик тендерного отдела,ТОО EAST LINK (ИСТ ЛИНК),Алматы,"от 300 000 до 1 000 000 ₸ за месяц, на руки","Уважаемый соискатель!

В нашу дружную команду мы ищем Аналитика в тендерный отдел!

Коротко о нас:

Наша компания успешно развивающаяся команда профессионалов, которая специализируется на производстве IT-оборудования и оказания IT услуг, продаж а также участия в тендерах на разных порталах (Персональные компьютеры, Ноутбуки, Моноблоки, Интерактивные панели, Мониторы и разные Программы для компьютеров).

Обязанности:

Анализ и контроль подачи готовых технических спецификации в тендерах и соблюдение сроков;
После выхода протокол итогов подготовить отчет и анализ по закупкам;
В IT сфере анализ тендерного рынка и закупок;
Анализ конкурентов;
Стратегия участия в тендерах и повышения рентабельности, конкурентоспособности, маржинальности;
Анализ рисков, связанных с участием в тендерах.

Требования:

Высшее образование или можно средней специальности IT (ИТ), экономика, финансы, юриспруденция и т.д.;
Опыт работы в сфере тендерных закупок и их анализа от 1-3 года и выше;
Опыт работы с тендерными площадками Государственные закупки (Госзакуп) и было бы плюсом Самрук-Казына (СК) и Евразийский электронный портал (ЕЭП, Mitwork);
Владение методами анализа рынка и конкурентов. Умение работать с большими данными, строить прогнозных модели.

Условия:

Фиксированный оклад + KPI или Бонусы по результатом;
Оформление согласно ТК РК;
График работы 5/2 с 09-00 до 18-00;
Корпоративная сотовая связь;
Завтрак и обед за счет компании;
Тим-билдинги, корпоративные мероприятия за счет компании;
Чай,кофе, вкусняшки;
Благопроиятные условия труда.",1–3 года,"Полная занятость
Стажировка",График: 5/2,8,На месте работодателя,10 мая 2025,https://hh.kz/vacancy/118588358,Не указано,300000-1000000 ₸,2025-05-10
Инженер-аналитик (Анализ данных эксплуатации оборудования),ТОО КОМЕК МАШИНЕРИ Казахстан,Астана,Не указано,"ТОО «КОМЕК МАШИНЕРИ Казахстан» - официальный дистрибьютор спецтехники премиальных брендов Komatsu и Bomag в Казахстане.

Обязанности:

- Сбор, систематизация, анализ данных эксплуатации оборудования.
- Разработка и внедрение форм отчётов для сервисных служб .

- Внесение информации по обслуживаемому парку техники в системы завода.
- Разработка мероприятий, направленных на повышение качества выполняемых работ по ремонтам и сервисному обслуживанию и осуществляет контроль за их внедрением.

Требования:

- высшее техническое образование, стаж работы в области ремонта и обслуживания дорожно-строительных машин, горного оборудования

- знание устройства и принципов работы как строительной техники в целом, так и ее отдельных систем, узлов и механизмов.

- знание и навыки пользования мерительным, диагностическим, контрольно-проверочным инструментом и оборудованием на уровне пользователя

- навыки в разработке и внедрении Нормативно-технической документации в области сбора, систематизации и анализа статистических данных о работе, обслуживании и ремонта оборудования

- знания, навыки аналитики в области проведения планово-предупредительных работ при обслуживании техники.

- уверенный пользователь ПК

- уровень знания английского языка не ниже среднего

Условия:

Официальное трудоустройство согласно ТК РК;
5-дневный рабочий график, суббота и воскресенье выходной;
Возможность профессионального роста;
Конкурентный уровень заработной платы и премиальные выплаты, компенсация мобильной связи.
ХОЧЕШЬ СТАТЬ ЧАСТЬЮ ИНОСТРАННОЙ КОМПАНИИ С 20-ТИ ЛЕТНЕЙ ИСТОРИЕЙ ТОГДА ЖДЕМ ВАШЕ РЕЗЮМЕ!",3–6 лет,Полная занятость,График: 5/2,8,На месте работодателя,10 мая 2025,https://hh.kz/vacancy/119804961,Не указано,Не указано,2025-05-10
Категорийный менеджер (fashion),ТОО Musan Group,Астана,Не указано,"ANTA - сеть магазинов спортивной обуви, одежды и аксессуаров приглашает на работу активных соискателей на позицию Категорийного менеджера.

ANTA является одним из самых динамично развивающихся и ультраинновационных спортивных гигантов в мире, ее розничная сеть насчитывает более 12 000 магазинов.

Обязанности:

Участие в планировании бюджета закупок, селекция коллекций и формирование заказов;
Коммуникации и взаимодействие с партнерами и департаментами Компании;
Выявление возможностей для роста и развития;
Формирование и управление ассортиментной матрицей для всей сети и каждого магазина в отдельности, с учётом территориальной специфики;
Анализ рыночных трендов и конкурентной среды, изучение покупательского спроса и тенденции его развития;
Ценообразование;
Контроль постоянного наличия оптимальных товарных запасов, ротация ассортимента;
Обеспечение плановых показателей по обороту и доходности;
Участие в разработке маркетинговой политики бренда;
Анализ продаж и оборачиваемости товара в сети;
Отчётность.
Требования:
Опыт работы от 3-х лет продакт-менеджером, категорийным менеджером, байером в спортивном ритейле или в fashion retail;
Высшее образование (желательно экономика, маркетинг);
Знание программ 1С, Excel, PowerPoint;
Опыт в управлении ассортиментом, планировании оборачиваемости товара, ценообразовании;
Знание мировых тенденций моды;
Навыки маркетингового анализа и базовые навыки финансового анализа (анализ продаж, прибыльности товаров и категорий, анализ конкурентов, трендов в направлении «брендовая одежда/обувь»);
Умение работать с большим объемом информации, высокий уровень ответственности и самостоятельности, инновационность и нацеленность на результат.
Условия:
официальное трудоустройство
график работы 5/2
дружный коллектив, тимбилдинги, корпоративные мероприятия
скидка для сотрудников",1–3 года,Полная занятость,График: 5/2,8,На месте работодателя,10 мая 2025,https://hh.kz/vacancy/119946390,Не указано,Не указано,2025-05-10
QA инженер (Алматы),ТОО My Startups,Алматы,Не указано,"MyStartups – дочерняя IT-компания Astana Motors, специализирующаяся на создании технологичных решений для оптимизации бизнес-процессов в разных сферах.

Сейчас мы активно расширяем inhouse команду, объединенных общей целью. Мы ищем QA инженера, который станет важной частью нашего коллектива.

Обязанности:

• Анализ требований, разработка и поддерживание тестовой документации на основе спецификаций и дизайна;
• Взаимодействие с командой проекта: разработчиками, QA, дизайнерами, аналитиками, службой поддержки для уточнения требований и повышения качества продукта;
• Участие в процессе планирования спринтов, груминге, оценке задач и составлении стратегии тестирования;
• Выполнение тестирования на различных этапах разработки;
• Выявление и документирование дефектов в ПО с использованием специализированных инструментов для управления багами, а также отслеживание процесса их исправления;
• Анализ результатов тестирования и предоставление отчетности по ключевым показателям контроля качества для команды разработки и менеджеров;
• Участие в корректировке и улучшении процессов контроля качества;
• Ведение release notes по продукту;
• Выезд в поле для сбора обратной связи по продукту;
• Участие в демонстрации последних изменений продукта;
• Обучение и менторство менее опытных специалистов в команде;

Требования:

• Опыт работы в области QA в продуктовой команде от 1-2 лет
• Знания теории тестирования (методологии, типы тестирования, SDLC, техники тест дизайна, и т.д.);
• Опыт ручного тестирования: функциональное, smoke, регрессионное, интеграционное, исследовательское, GUI, API тестирование;
• Знание и опыт работы с системами баг-трекинга;
• Опыт работы с базами данных (SQL, создание запросов для проверки данных);
• Знания и опыт работы с API (REST, JSON, Postman, Swagger);
• Опыт работы с системами контроля версий (Git);
• Опыт работы в Agile/Scrum-методологиях;
• Способность анализировать требования, выявлять потенциальные проблемы и разрабатывать соответствующие тестовые сценарии и случаи;
• Высокие коммуникативные навыки и способность работать в команде;
Будет плюсом:
• Опыт работы с инструментами для CI/CD (Jenkins, GitLab CI, и т.д.);
• Опыт работы с автоматизированным тестированием (Selenium, PyTest или другие инструменты);
• Знание основ безопасности приложений и тестирования на уязвимости;
• Опыт тестирования мобильных приложений (Android/iOS);
• Опыт в тестировании производительности (JMeter, LoadRunner и т.д.);

Условия:

​​​​​​​• Опыт работы в области QA в продуктовой команде от 1-2 лет
• Знания теории тестирования (методологии, типы тестирования, SDLC, техники тест дизайна, и т.д.);
• Опыт ручного тестирования: функциональное, smoke, регрессионное, интеграционное, исследовательское, GUI, API тестирование;
• Знание и опыт работы с системами баг-трекинга;
• Опыт работы с базами данных (SQL, создание запросов для проверки данных);
• Знания и опыт работы с API (REST, JSON, Postman, Swagger);
• Опыт работы с системами контроля версий (Git);
• Опыт работы в Agile/Scrum-методологиях;
• Способность анализировать требования, выявлять потенциальные проблемы и разрабатывать соответствующие тестовые сценарии и случаи;
• Высокие коммуникативные навыки и способность работать в команде;
Будет плюсом:
• Опыт работы с инструментами для CI/CD (Jenkins, GitLab CI, и т.д.);
• Опыт работы с автоматизированным тестированием (Selenium, PyTest или другие инструменты);
• Знание основ безопасности приложений и тестирования на уязвимости;
• Опыт тестирования мобильных приложений (Android/iOS);
• Опыт в тестировании производительности (JMeter, LoadRunner и т.д.);

Мы предлагаем:

- График работы 5/2, оффлайн формат;

- Конкурентная заработная плата, оформление по ТК РК;

- Оплату профильных курсов, участие в конференциях, митапах;

- Комфортный офис со всеми удобствами в ТЦ Мега;

- 50% оплата абонемента в любом фитнес-центре города;

- 1 Day Off в честь дня рождения;

- Медицинское обслуживание для вас и ваших 2 близких родственников по установленному лимиту 400 000 тенге (+аптека, стоматолог);

- Материальная помощь при разных жизненных ситуациях (рождение ребенка, бракосочетание, смерть близкого человека и т. д.);

- Скидки на услуги в официальных дилерских центрах (15% на запчасти, 30% на услуги);

- Скидка на покупку авто от года работы в Компании;

- Бесплатная парковка в ТРЦ Мега 24/7;

- Корпоративная связь по необходимости;

- Рост и перемещение внутри группы компании Astana Group;

- Частые тимбилдинг и яркая корп.культура;

- Ежемесячные Sprint review с акционерами и IT-специалистами, с вкусной едой и разными напитками.",3–6 лет,Полная занятость,График: 5/2,8,На месте работодателя,10 мая 2025,https://hh.kz/vacancy/120037914,Не указано,Не указано,2025-05-10
Ведущий специалист Финансово-аналитического отдела,ТОО Юридическое агентство Правозащита,Алматы,"от 160 000 до 230 000 ₸ за месяц, на руки","Обязанности:
обработка и загрузка платежей по выпискам от Банка
обработка запросов от Компаний по возвратам ошибочно поступивших, излишне поступивших платежей/переноса платежей с одного договор банковского займа на другой.
подготовка справок основного займа/долга плательщика.
Требования:
внимательность т.к работа подразумевает точность;
знания ПК (excel, word и т.д.);
корпоративный опыт работы.
Условия:
официальное трудоустройство;
стабильная заработная плата с ежегодным повышением;
молодой коллектив;
уютный офис в центре города
возможность расти и развиваться в сфере финансовой аналитики.",1–3 года,"Полная занятость
Возможно временное оформление",График: 5/2,8,На месте работодателя,10 мая 2025,https://hh.kz/vacancy/119569048,Не указано,160000-230000 ₸,2025-05-10
CRM - маркетолог (рассылка e-mail-писем),UnitedPropertyExpo,Алматы,"от 500 до 550 € за месяц, на руки","«United Expo» — организатор международных выставок в сфере недвижимости, медицины, туризма и технологий. Мы активно развиваемся и ищем в команду осознанного, системного и ответственного специалиста с аналитическим складом ума, который работать в команде.

Ищем человека с опытом работы, обязательно знающего основы маркетинга и копирайтинга, а также отлично разбирающегося в сервисах рассылки.

Обязанности:

- Составление плана рассылок
- Отправка рассылок по контактам базы (программа eSputnik)
- Верстка писем
- Аналитика результатов
- Настройка и ведение работ по триггерным рассылкам

- Постановка ТЗ копирайтерам и дизайнерам для рассылок. Утверждение с руководителем отдела маркетинга рассылаемых писем.

Требования:

Грамотность, внимательность, креативность
Знание основ копирайтинга и маркетинга
Знание сервисов рассылок: сможете объяснить, как они работают и почему их используете
Опыт работы не менее 1 года


Если нет опыта и вы не понимаете, о чём речь, это будет видно сразу, не откликайтесь, не тратьте время.

- Работа - Удаленно!

Наш офис находится в Турции - удаленная работа с 9:00 до 18:00 (всегда быть на связи в это время), вы можете совмещать работу с нами с другими проектами, но нужно ОБЯЗАТЕЛЬНО быть на связи в наше рабочее время.
Заработная плата – 500 евро в месяц

Выплата каждое 1-е и каждое 15-е число месяца.",1–3 года,Полная занятость,График: 5/2,8,Удалённо,10 мая 2025,https://hh.kz/vacancy/120034910,Не указано,500-550 €,2025-05-10
Senior Risk Manager (Risk Management Department),АО Торгово-промышленный Банк Китая в городе Алматы ICBC,Алматы,Не указано,"Education and experience:

Bachelor’s degree in Finance, Economics, Accounting, Mathematics, Business Administration, or a related field.
Master’s degree (CFA, FRM, or other relevant certifications preferred) is a plus.
2–5 years of experience in risk reporting, risk management, financial analysis, or a related role in banking or financial services.

Technical skills:

Strong understanding of risk management principles, methodologies, and regulatory requirements (e.g., Basel III, IFRS 9, ICAAP, SREP).
Experience with risk reporting frameworks, stress testing, and scenario analysis.
Proficiency in data analysis tools such as Excel
Ability to collect, analyze, and interpret large datasets to generate meaningful risk insights.
Experience in preparing regulatory and management risk reports, including credit risk, market risk, operational risk, and liquidity risk.
Strong attention to detail and accuracy in reporting.
Familiarity with local and international regulatory frameworks related to risk management (e.g., Basel III, IFRS 9, ALM, stress testing requirements).
Ability to liaise with auditors, regulators, and internal stakeholders on risk-related matters.

Soft skills and competencies:

Strong problem-solving and critical-thinking abilities.
Excellent communication skills, with the ability to present risk insights to senior management and stakeholders.
Ability to work under pressure and meet tight deadlines.
Team player with strong collaboration and stakeholder management skills.

Language and other requirements:

Proficiency in English (both written and spoken). Knowledge of additional languages is an advantage.
Strong work ethic, high level of integrity, and confidentiality in handling sensitive financial data.",3–6 лет,Полная занятость,График: 5/2,8,Не указано,10 мая 2025,https://hh.kz/vacancy/119569594,Не указано,Не указано,2025-05-10
QA Тестировщик,ТОО TECHDRIVE,Алматы,Не указано,"Вакансия: QA Тестировщик

Компания: TechDrive

О компании TechDrive:

Мы TechDrive – инновационная технологическая компания, специализирующаяся на разработке передовых IT-решений для бизнеса, создании цифровых продуктов, автоматизации процессов в FinTech решениях. Мы являемся лидерами в сфере автокредитования. Наша миссия – Быть драйвером роста продаж автокредитов наших партнеров, объединяя лучшие финансовые практики и передовые технологии. Мы гордимся нашей командой профессионалов, атмосферой постоянного развития и стремлением к совершенству.

О роли QA Тестировщика:

Мы ищем опытного и внимательного QA Тестировщика, который присоединится к нашей команде для обеспечения высокого качества разрабатываемых продуктов. Вам предстоит глубоко погружаться в функциональность, выявлять дефекты и работать над их устранением в тесном взаимодействии с разработчиками и бизнес-аналитиками. Если вы имеете успешный опыт ручного тестирования и стремитесь к качеству, эта роль для вас!

Чем вы будете заниматься (Обязанности):

Проверка функциональности разрабатываемых продуктов через ручное тестирование веб, desktop и mobile приложений.
Проверка API (REST) через Postman или аналогичные инструменты для обеспечения корректной работы бэкенда.
Разработка и выполнение тест-планов и тест-кейсов для веб приложении. Писать и поддерживать чек-листы и баг-репорты в системах управления тестированием и баг-трекинга.
Анализ и диагностика проблем с производительностью и поведением системы, тесное взаимодействие с разработчиками и бизнес аналитиками для их локализации и устранения.
Документирование багов и проблем с программным обеспечением с предоставлением исчерпывающей информации для разработчиков, а также отслеживание их жизненного цикла до полного исправления.

Наши ожидания (Требования):

3+ лет опыта работы в области QA, в частности ручного тестирования веб и/или мобильных приложений.
Опыт работы с системами контроля версий, такими как Git (понимание основ, работа с ветками).
Глубокое понимание клиент-серверной архитектуры и принципов тестирования веб-приложений.
Опыт тестирования и поддержки многопользовательских систем с учетом параллельной работы пользователей.
Уверенный опыт работы с инструментами для тестирования API: Postman, Swagger. Умение использовать браузерные DevTools для анализа запросов/ответов и отладки.
Уверенные знания видов тестирования: функциональное, регрессионное, интеграционное. Понимание целей и подходов к каждому виду.
Навыки работы с баг-трекинговыми системами (обязательно Jira) и системами управления тестовой документацией (TestRail или аналогами).
Тестовая документация: Понимание жизненного цикла разработки ПО. Умение составлять и актуализировать понятные и полные тест-кейсы, тест-сценарии и чек-листы. Умение составлять подробные баг-репорты.

Будет преимуществом:

Владение SQL для проверки корректности и валидации данных напрямую в базе данных.
Опыт анализа логов приложений. Понимание принципов интеграции с инструментами мониторинга: Grafana, Kibana и др.
Опционально: владение автоматизированными средствами для тестирования и/или начальное владение скриптовыми языками (например, Python, JavaScript) для написания простых скриптов для тестирования.
Желание развиваться в направлении Automation QA и готовность изучать соответствующие инструменты и подходы.

Что мы предлагаем:

Конкурентная заработная плата, обсуждаемая по результатам собеседования.
Официальное трудоустройство согласно законодательству РК.
Возможности для профессионального и карьерного роста в быстрорастущей компании в сфере FinTech.
Интересные и масштабные проекты, где можно применить свои знания и приобрести новый опыт.
Работа в команде высококвалифицированных и увлеченных своим делом профессионалов.
Комфортный офис в Алматы.
Компенсация на выбор: обучения, спорт, здоровье, питание.

Мы ждем вас в TechDrive!",3–6 лет,Полная занятость,График: 5/2,8,Не указано,10 мая 2025,https://hh.kz/vacancy/119807766,Не указано,Не указано,2025-05-10
Интернет-маркетолог (Performance / Digital Marketing / Специалист по привлечению трафика),ТОО Swiss Watches Kazakhstan,Алматы,Не указано,"Привет!

Мы — компания ""Первый Часовой"", и сейчас в нашу команду требуется сильный интернет-маркетолог!

О нас

Компания ""Первый Часовой"" — сеть магазинов и онлайн-платформа по продаже брендовых часов в среднем ценовом сегменте. Мы работаем на рынке более 25 лет, обслужили свыше 10 000 довольных клиентов, сотрудничаем с топовыми мировыми брендами часов.

Наша миссия: создавать доверие, ценить время клиентов и предлагать лучшие решения в мире часов.

Наши ценности: качество, развитие, уважение к партнерам и покупателям.

На данном этапе мы активно масштабируем бизнес и строим системный маркетинг: выстраиваем сквозную аналитику, усиливаем лидогенерацию, внедряем строгую дисциплину выполнения проектов.

Мы в поиске инициативного и амбициозного интернет-маркетолога, готового выстраивать системный маркетинг с нуля.

Цель должности:

Ежемесячное увеличение количества и качества лидов в заданных CPL и плановых объемах.
Построение системной лидогенерации.
Выстраивание сквозной аналитики и прозрачной отчетности по трафику и продажам.
Генерация гипотез для роста трафика, конверсии и LTV.
Расширение каналов трафика через регулярное тестирование новых источников.

Обязанности:

Стратегия и планирование:

Разработка маркетинговой стратегии компании и медиаплана на квартал/год.
Построение прогнозов по трафику, лидам и продажам.
Генерация и тестирование гипотез по оптимизации маркетинга.

Привлечение трафика и лидогенерация:

Запуск рекламных кампаний в Meta Ads, Google Ads, Яндекс.Директ.
Организация ретаргетинга и сегментации аудиторий.
Оптимизация рекламных бюджетов под показатели ROI/ROMI.
Выстраивание омниканальной воронки продаж.
Развитие органического трафика через соцсети и работу с аудиторией в Instagram, Facebook и других площадках.
Непрерывный поиск, тестирование и внедрение новых каналов привлечения трафика.

Аналитика и контроль:

Внедрение и развитие сквозной аналитики (Google Analytics 4, CRM-связки, Roistat/аналогичные системы).
Мониторинг CPL, CPA, CPO, ROI, ROMI.
Подготовка еженедельных и ежемесячных аналитических отчетов.

Исследования и конкурентная разведка:

Формирование базы конкурентов: цены, акции, продуктовые предложения.
Мониторинг трендов онлайн-торговли и предпочтений клиентов.
Анализ новых каналов продвижения.

Контент и поддержка продаж:

Продюсирование создания кейсов, статей, интервью.
Разработка материалов для отдела продаж.
Участие в создании офферов, акций и спецпредложений.

Управление командой:

Постановка задач директологам, таргетологам, SEO, email-маркетологам и SMM-специалистам.
Постановка задач и контроль работы SMM-специалиста: контент-план, визуальная стратегия, продвижение.
Контроль работы специалистов: качество, сроки выполнения задач.
Планирование спринтов по Ганту и контроль исполнения в срок.

Дополнительно:

Построение системы повышения индекса потребительской лояльности (NPS).
Сегментация клиентской базы и формирование стратегий для увеличения LTV.
Координация креативов и фотоконтента для соцсетей совместно с дизайнерами и копирайтерами.

Требования

Опыт работы в интернет-маркетинге от 2 лет.
Опыт в B2C, e-commerce, желательно работа с маркетплейсами.
Умение строить систему лидогенерации с нуля.
Практический опыт работы с рекламными системами Meta, Google, Яндекс.
Опыт настройки сквозной аналитики.
Навыки конкурентного анализа, исследования рынков.
Сильный навык планирования и проектного управления.
Аналитический склад ума, инициативность, готовность брать ответственность.

Что мы предлагаем:

Официальное оформление.
Достойный уровень заработной платы и премии по KPI.
Возможность карьерного роста до Head of Marketing.
Участие в реальном росте компании, влияние на стратегические решения.
Профессиональное обучение и развитие
Работа в дружной и амбициозной команде.
Четкие цели и понятная система управления.
Корпоративные скидки на продукцию.
Участие в профессиональных выставках и конференциях.
Быстрое развитие компетенций и поддержка со стороны руководства.
Интересные проекты и вызовы.

Система мотивации

Фиксированный оклад: — 280 000 – 700 000 тенге (до вычета налогов).

Переменная часть:

Бонус за выполнение плана по количеству и качеству лидов.
Дополнительные премии за выполнение ключевых маркетинговых задач месяца (запуск нового лендинга, внедрение сквозной аналитики, обновление рекламных креативов, разработка email-стратегий и т.д.).

Итого: При выполнении всех плановых показателей ваш доход может достигать до 700 000 тенге в месяц.

Почему выбирают нас:

Мы ценим инициативность, ответственность и стремление к развитию.
Мы даем реальную свободу влияния на бизнес-процессы.
Мы растем сами и помогаем расти тем, кто с нами.

Начните сопроводительное письмо с фразы:

""Я хочу привести вашему бизнесу новых клиентов через эффективный маркетинг.""

⏳ Важно:

Вакансия открыта до: 10.05.2025

Готовы стать частью команды ""Первого Часового"" и развивать маркетинг нового уровня? Откликайтесь прямо сейчас!",1–3 года,Полная занятость,График: 5/2,9,Гибрид,10 мая 2025,https://hh.kz/vacancy/120023494,Не указано,Не указано,2025-05-10
Маркетолог,ТОО Freedom Telecom Operations,Алматы,Не указано,"Freedom Telecom - современная телекоммуникационная компания, развивающая на рынке Республики Казахстан широкополосный доступ к сети интернет в каждый дом и открытый доступ Wi-Fi в крупных городах. Мы работаем в тесном сотрудничестве с мировыми производителями оборудования - программного обеспечения.

Обязанности:

Реализация маркетинговой стратегии
Участие в разработке POS-материалов
Организация BTL-акций
Заказ мерча и сувенирной продукции
Наружная реклама
Брендирование территории
Участие в организации съемок
Аналитика по итогам проведения рекламных мероприятий (оффлайн)
Продвижение бренда компании
Участие в организации мероприятий (конференции, форумы, выставки)
Анализ конкурентов
Подготовка e-mail-рассылок
Активное взаимодействие со смежными отделами
Постоянный поиск наилучших практик по совершенствованию инструментов маркетинга
Отслеживание трендов маркетинга
Тестирование гипотез
Требования:
Коммуникабельность, инициативность, аналитическое и творческое мышление, умение проводить презентации, ответственность, умение работать с большими объемами данных, многозадачность, целеустремленность
Условия:
График 5/2, с 9:00 до 18:00;
Свободный дресс-код;
Привилегии от экосистемы Freedom Holding;
Экстра days off, помимо отпускных и больничных;
Материальная помощь по памятным событиям;
Самые инновационные, амбициозные проекты и задачи;
Карьерный рост в команде дружных профессионалов.",3–6 лет,Полная занятость,График: 5/2,8,На месте работодателя,10 мая 2025,https://hh.kz/vacancy/119802344,Не указано,Не указано,2025-05-10
Country CEO/Генеральный директор,ТОО Sortex Techno,Алматы,Не указано,"Genau – быстрорастущая международная компания (Казахстан, Россия, Узбекистан), специализирующаяся на продажах фитнес оборудования.

Сейчас мы в поиске Country CEO в Казахстане — это лидер бизнеса, который берёт полную ответственность за P&L, продажи, маркетинг, операционную эффективность и локальную команду. Это не позиция “операционного координатора” — это роль для сильного, стратегического и амбициозного управленца, который стремится масштабировать бизнес, управлять цифрами и командой, и каждый месяц делать результат лучше, чем в прошлом.

Обязанности:

Продажи, рост и коммерческая эффективность

Ответственность за выручку, маржинальность и выполнение планов по прибыли;

Анализ и развитие каналов продаж (маркетплейсы, D2C, оффлайн, новые партнёрства);

Совместная работа с маркетингом и продуктовыми командами для роста продаж.

Управление маркетингом (совместно с HQ)

Контроль локального исполнения централизованных маркетинговых стратегий;

Ответственность за эффективность рекламных кампаний, влияние креативов и правильную локализацию;

Оценка и оптимизация маркетинговых показателей: CPA, ДРР, ROMI, юнит-экономика.

Операционное управление

Контроль логистики, склада, клиентского сервиса, документооборота;

Оптимизация процессов, сокращение издержек, повышение качества клиентского опыта;

Внедрение стандартов HQ и контроль за их исполнением.

Управление командой

Найм, обучение и развитие локальной команды (менеджеры, маркетинг, сервис, логистика);

Формирование культуры высокой ответственности и ориентации на результат;

Увольнение неэффективных сотрудников, быстрая реакция на слабые звенья.

Стратегия и развитие рынка

Анализ локального рынка, конкурентов, возможностей для роста;

Инициирование новых идей и стратегий продвижения, ассортиментных предложений, оффлайн-инициатив;

Выстраивание долгосрочной стратегии развития бренда в Казахстане.

Финансовая аналитика и отчётность

Глубокое понимание P&L, маркетинговой эффективности и юнит-экономики по продуктам и каналам;

Еженедельная и ежемесячная отчётность CEO, CFO и маркетинговой команде HQ;

Работа с бюджетами, cash-flow, ROI и операционной эффективностью.

Требования:

Опыт управления бизнесом или коммерческим подразделением с P&L-ответственностью от 3 лет (желательно в e-commerce, b2c бизнесах, маркетплейсах, рознице);

Умение разбираться в цифрах: выручка, прибыль, маржинальность, CPA, CAC, ROMI, ROI и т.д.;

Опыт управления кросс-функциональной командой: маркетинг, логистика, сервис, продажи;

Способность быстро принимать решения, ставить цели и добиваться их исполнения;

Навык жёсткого, но конструктивного лидерства: умение требовать, увольнять, нанимать, собирать сильную команду!

Проактивность, высокая внутренняя планка, ориентация на результат, а не “процесс ради процесса”;

Желательно: опыт работы в международной или быстрорастущей локальной компании с высокой конкуренцией.

Что мы предлагаем:

Работа с сильным международным брендом и сильной HQ-командой;

Высокая степень автономности и реальное влияние на результат;

Прямое взаимодействие с CEO и ключевыми руководителями компании;

Конкурентная заработная плата + бонусы за выполнение планов по выручке, прибыли и эффективности;

Возможность построить сильную, результативную команду и масштабировать бизнес в регионе;

Работа в быстрорастущей компании с амбициозными целями и реальной поддержкой HQ.

Если вы — тот, кто умеет не просто “держать бизнес на плаву”, а делать x2 за счёт системности, настойчивости, драйва и любви к цифрам — мы ждём вас.",3–6 лет,Полная занятость,График: 5/2,8,Гибрид,10 мая 2025,https://hh.kz/vacancy/119801958,Не указано,Не указано,2025-05-10
Финансовый аналитик с функциями бухгалтера,ТОО Spectrum International School,Астана,Не указано,"Обязанности:

Ведение и интерпретация бухгалтерской и финансовой информации для обеспечения прозрачности финансовых процессов школы.

Проведение экономического анализа и мониторинг ключевых финансовых показателей деятельности образовательного учреждения.

Работа в системе 1С – Бухгалтерия: учет, формирование отчетов, контроль корректности данных.

Финансовое планирование и бюджетирование всех направлений деятельности школы (учебный процесс, административные расходы, хозяйственные нужды и др.).

Контроль исполнения бюджета, анализ отклонений и разработка предложений по оптимизации затрат.

Подготовка управленческой отчетности (отчет о прибылях и убытках, движение денежных средств, баланс).

Подготовка аналитических материалов для директора школы и учредителей.

Расчет себестоимости образовательных услуг, анализ рентабельности и маржинальности.

Участие во внедрении и оптимизации финансовых и учетных процессов в школе.

Взаимодействие с бухгалтерией и другими структурными подразделениями для обеспечения точности и согласованности данных.

Финансовый контроль деятельности школы в целом.

Подготовка расчетов и обоснований по статьям доходов и расходов.

Требования:

Высшее образование в области бухгалтерии, финансов или экономики.

Опыт работы на аналогичной позиции не менее 3 лет.

Глубокое знание бухгалтерского и налогового учета.

Опытный пользователь программы 1С – Бухгалтерия.

Ответственность, внимательность к деталям, способность работать в команде.

Условия:

Работа в стабильной образовательной организации.

Достойная заработная плата.

Пятидневная рабочая неделя.

Развозка сотрудников.

Обед за счет работодателя.",3–6 лет,Полная занятость,График: 5/2,8,На месте работодателя,10 мая 2025,https://hh.kz/vacancy/119804080,Не указано,Не указано,2025-05-10
Эксперт-аналитик,ТОО iMAS GROUP,Астана,"300 000 ₸ за месяц, на руки","“iMAS Group” - международная IT- компания - разработчик системы мониторинга СМИ и социальных сетей. Офисы в гг.Астана, Семей и Ташкент. В планах выход на рынки стран СН, ЮВА и США.

Мы решаем любые задачи в сфере медиа анализа и по мониторингу общественно-политической ситуации, стратегическому анализу и прогнозированию, репутационному аудиту и антикризисному PR.
Мониторим ведущие СМИ мира из 150 стран, социальные сети, телеграмм каналы, мессенджеры.
Предоставляем доступ к системе 24/7 с любых устройства. Формируем отчеты ежечасно/ежедневно.

Обязанности:

Сбор, обработка большого массива данных из СМИ и
соцсетей;
Работа в авторской программе;
Формирование информационно-аналитических и презентационных материалов по итогу исследования.
Требования:
Опыт написания аналитических записок, справок и формирования различных отчетов;
Образование в сфере политологии, социологии, журналистики, международного отношения или права;
Опыт работы в аналитических Центрах, отделах и организациях;
Умение ориентироваться в информационном
пространстве и госинформполитике Казахстана.
Условия:
Офис в центре левого Берега
График работы Пн-Пт - с 9:00-18:00,
Дружный молодой коллектив;
Обучение и адаптация;
Возможность карьерного и профессионального роста;
Корпоративные мероприятия и бонусы и т.д.;
Окончательная заработная плата определяется от уровня квалификации и по результатам собеседования.",3–6 лет,Полная занятость,График: 5/2,8,На месте работодателя,10 мая 2025,https://hh.kz/vacancy/119580580,Не указано,300000 ₸,2025-05-10
Process Analyst (Аналитик внутренних бизнес-процессов),ТОО Неткрэкер Текнолоджи Казахстан,Уральск,Не указано,"Обязанности:

Получение, сортировка и первичный анализ входящей кадровой информации.
Внесение и обновление данных в внутренней ERP-системе.
Работа с данными: проверка, корректировка, структурирование.
Консультирование и коммуникация с коллегами на английском языке (письменно/устно при необходимости).

Требования:

Английский язык — не ниже уровня Intermediate.
Уверенное владение ПК, офисными программами (Excel, Word).
Внимательность к деталям, аккуратность при работе с информацией.
Ответственность, организованность, способность соблюдать дедлайны.

Мы предлагаем:

Возможности для развития карьеры;
Профессиональный рост в международной бизнес среде;
Медицинское страхование - ДМС (включая стоматологию);
Дружный коллектив, спортивные и развлекательные корпоративные мероприятия;
Заработная плата обсуждается индивидуально с успешным кандидатом;
Официальное оформление в штат компании;
Бесплатные занятия английским языком, более 300 корпоративных технических и soft-skills-тренингов.",1–3 года,Полная занятость,График: 5/2,8,Не указано,10 мая 2025,https://hh.kz/vacancy/120009384,Не указано,Не указано,2025-05-10
Менеджер по ценообразованию (подходит для начинающего специалиста),Sulpak,Алматы,"от 230 000 ₸ за месяц, на руки","Мы в поиске специалиста, который готов к карьерному росту и работе в крутой команде профессионалов. Sulpak – место, где Вы можете развиваться и достигать новых высот. Станьте частью Sulpak!

Sulpak –лидеры Казахстана в реализации электроники и бытовой техники. Мы работаем с 1992 года, за этот период у нас в команде более 4000 сотрудников. Sulpak- это про стабильность, мы гарантируем всем нашим сотрудникам официальную заработную плату и своевременные выплаты.

Что мы предлагаем?

ОПЛАТА:230 000 на руки + ежеквартальная премия по результатам работы

ГРАФИК:5/2, с 9-00 до 18-00

АДРЕС:г.Алматы, БЦ Жибек Жолы

Что мы ищем в Вас?

Высшее образование (желательно в сфере экономики, математики);

Внимательность;

Обязательно знание баз excel;

Желательно знание 1С

Что Вам предстоит:

Установка цен по каналам розницы и интернет магазина;

Мониторинг цен;

Работа в 1С и с отчетностью в Excel;

Почему мы интересны как работодатель?

- Мы организуем праздники, спортивные мероприятия и тимбилдинги;

Оформление в полном соответствии с Трудовым кодексом РК.

Удобный и красивый офис. Он расположен в современном БЦ Жибек Жолы в 15 минутах ходьбы от м. Жибек Жолы. Офис разделен на рабочую зону и лаунж с переговорками, кухней, диванами;

Новогодние подарки детям сотрудников;

Присоединяйтесь к команде Sulpak и развивайте свою карьеру вместе с нами!

Оставляйте отклик на вакансию, и мы свяжемся с Вами мгновенно.

P.s эта вакансия подходит для: специалист по ценообразованию, экономист по ценообразованию, аналитик продаж, финансовый аналитик, категорийный менеджер, ассистент категорийного менеджера, менеджер по закупкам",1–3 года,Полная занятость,График: 5/2,8,На месте работодателя,10 мая 2025,https://hh.kz/vacancy/119569520,Не указано,от 230000 ₸,2025-05-10
Маркетолог,ТОО L`aroush Jewelry,Алматы,"от 600 000 до 1 000 000 ₸ за месяц, на руки","В ювелирный дом L’aroush ищем маркетолога с управленческим мышлением, который поможет нам выстроить системный маркетинг и готов в будущем взять на себя руководство всем направлением.

Уровень: Middle–Senior, с потенциалом роста до Head of Marketing

Обязанности:

Разработка и реализация маркетинговых кампаний (онлайн и офлайн);
Ведение маркетингового календаря бренда (сезонность, запуски, инфоповоды);
Управление подрядчиками и взаимодействие с SMM-отделом
Подготовка ТЗ и контроль выполнения задач подрядчиков;
Работа с аналитикой: сбор и интерпретация данных, отчётность по эффективности маркетинговых кампаний;
Генерация и реализация новых идей для роста узнаваемости и продаж;
Участие в формировании позиционирования бренда, tone of voice и коммуникационной стратегии.
Требования:
Опыт работы в маркетинге от 4 лет (опыт с брендом товаров — желательно);
Опыт взаимодействия с подрядчиками (подбор, контроль, оценка работы);
Умение мыслить стратегически и работать с цифрами (бюджет, метрики);
Креативность, инициативность и навык самостоятельной постановки задач;
Готовность вырасти в руководителя маркетинга и взять на себя больше ответственности;
Приветствуется: опыт в fashion/luxury/ювелирной индустрии
Условия:

Формат работы: гибрид ( 3 дня в офисе, 2 дня- онлайн)

Испытательный срок 2 месяца

KPI",3–6 лет,Полная занятость,График: 5/2,7,На месте работодателя или гибрид,10 мая 2025,https://hh.kz/vacancy/120157314,Не указано,600000-1000000 ₸,2025-05-10
Главный бухгалтер,ТОО Швейная фабрика Прогресс,Петропавловске,Не указано,"Швейная фабрика ""Прогресс"" в поиске Главного бухгалтера с опытом работы в коммерческих или производственных мероприятиях.

Обязанности:

Отвечать за сохранность денежных средств на банковских счетах

Обеспечивать учет всего имущества компании
Проводить инвентаризации
Контроль правильного заполнения сотрудниками 1С
Проводить работу с БВУ и МКО
Требования:
Знание 1С ЗУП
Высшее образование
Наличие сертификата ""Профессиональный бухгалтер""
Аналитический склад ума
Исполнительность
Условия:
Пятидневная рабочая неделя
Стабильные выплаты заработной платы
Возможности профессионального роста
Работа на месте работодателя",3–6 лет,"Полная занятость
Стажировка",График: 5/2,8,На месте работодателя,10 мая 2025,https://hh.kz/vacancy/119946894,Не указано,Не указано,2025-05-10
Главный менеджер Финансового управления (отчетность),ТОО Халык Актив,Алматы,Не указано,"Обязанности:
Ежемесячное формирование отчетности;
Автоматизация форм отчётности;
Соблюдение сроков и полноты внутренней и внешней отчетности;
Участие в процессе бюджетирования и планирования;
Своевременное предоставление обратной связи по запросам внутренних и внешних пользователей.
Требования:
Знания основ финансового анализа;
Знания программы EXCEL (продвинутый уровень);
Формирование и автоматизация отчетности в EXCEL;
Умение работать самостоятельно и в команде;
Умение формировать бюджет и контролировать его исполнение;
Умение формировать управленческую отчетность;
Навыки делового общения и переписки;
Стрессоустойчивость;
Способность хорошо понимать процессы, процедуры и системы, действующие внутри Компании;
Знание управленческого и бухгалтерского учета;
Порядок составления финансовых планов, прогнозных балансов и бюджетов денежных средств, планов реализации продукции (работ, услуг);
Стандарты финансового учета и отчетности;
Опыт работы в банковской сфере, сфере недвижимости, хорошее знание 1С-бухгалтерия.
Условия:
Режим труда и отдыха: пятидневка, с 09.00 ч.до 18.00 ч., с перерывом с 13.00 ч. до 14.00 ч.;
Трудовой отпуск 26 календарных дней;
Премирование (квартальное, годовое);
ДМС;
Оформление в соответствии с Трудовым законодательством.",3–6 лет,Полная занятость,График: 5/2,8,На месте работодателя,10 мая 2025,https://hh.kz/vacancy/119572353,Не указано,Не указано,2025-05-10
Главный специалист по бюджетированию и бюджетному анализу,ТОО TAN FINANCE,Уральск,Не указано,"Обязанности:
Подготовка регулярного аналитического отчета по исполнению плановых показателей бюджета.
Контроль исполнения бюджета Компании в целом в течение финансового года.
Расчет рентабельности деятельности Компании в целом, в разрезе центров прибыли, классов страхования, филиалов.
Участие в составлении управленческой отчетности, прогнозов и анализа финансовых и количественных показателей работы Компании.
Участие в составлении бюджета Компании на очередной финансовый год, подготовка материалов к утверждению и внесению корректировок в бюджет Компании.
Определение среднесрочных стратегических целей деятельности Компании в части финансовых показателей;
Осуществление мониторинга инвестиционного портфеля на регулярной основе.
Автоматизация отчетности.
Разработка политик и процедур бюджетирования;
Сбор и анализ финансовой информации;
Утверждение расходов бюджета;
Поддержка процесса финансового аудита;
Казначейский контроль;
Обзор управленческих финансовых показателей.
Требования:
Высшее финансовое/экономическое образование.
Опыт работы не менее 2-х лет на аналогичной позиции.
Знание основ финансового анализа, бюджетирования и управленческого учета.
Знание основ стратегического планирования и построения систем сбалансированных показателей (KPI).
Навыки проведения экономического анализа, планирования и прогнозирования, обобщения данных.
Знание основ бухгалтерского учета.
Знание основ макроэкономики.
Навыки работы в Excel и Power Point - высокий уровень.
Знание Power BI и Power Query будет преимуществом.
Условия:
Стабильная заработная плата в первых числах месяца
Рабочий день с 09:00 до 18:00
Оформление согласно ТК РК
Суббота-воскресенье выходной, праздничные дни - выходные
Дружный молодой коллектив
Карьерный рост",3–6 лет,Полная занятость,График: 5/2,8,Не указано,10 мая 2025,https://hh.kz/vacancy/119588900,Не указано,Не указано,2025-05-10
"Relationship Manager, Corporate Banking Department",АО Исламский Банк ADCB,Алматы,Не указано,"WHAT YOU WILL BE DOING:

Be able to attract Solid Corporate clients, including but not limited: with annual sales more than 100 mln USD, Private and Government
Be able to negotiate with Government development institutions, as well as Private Clients future projects, identify them and lead them. High level of coordination from RM is required. Result orientated.
To manage Corporate portfolio of customers, with key responsibilities focused on asset growth, limits utilization and income generation.
To market new customer relationships and grow the Bank’s customer base with a focus on market segment diversification.
To asses and manage business risks within the assigned segment / territory, ensuring proper risk mitigation, sound financial analysis, quality proposals, & timely formal account reviews as per the bank approved parameters and policies.

WHAT YOU WILL BRING ALONG:

Core Corporate Banking Experience of at least 5 years.
Educational qualifications should be at least a Bachelors Degree or equivalent.
Previous experience in managing corporate accounts.
Sound Credit experience and adequate knowledge of banking products.
Strong user in Excel and financial analysis
Knowledge of legislative and other normative legal acts of the Republic of Kazakhstan, including normative documents of the National Bank of the Republic of Kazakhstan, Agency of the Republic of Kazakhstan on Regulation and Supervision of Financial Market and Financial Organizations
Customer oriented, self motivated, problem solver, decisive, determined, organized & most importantly a team player.
Fluent in English

WHAT WE OFFER TO YOU:

Full-time job
Office in Esentai Tower, Almaty
Medical Insurance
Generous vacation of 25 business days (equivalent to 35 calendar days)
Annual bonus
Online Banking Academy
Health & Education Allowance
2-hrs Juma break on Fridays
Friendly and comfortable atmosphere
Interesting corporate life",3–6 лет,Полная занятость,График: 5/2,8,Не указано,10 мая 2025,https://hh.kz/vacancy/97018870,Не указано,Не указано,2025-05-10
Cost Accounting Manager,ТОО «Qazaq Soda (Казах Сода)»,Тараз,Не указано,"Обязанности:

Lead the development, implementation, and maintenance of standard costing for products and processes.

Analyze and report on manufacturing costs, material usage, labor, and overhead variances.

Partner with operations and supply chain teams to drive cost reduction and efficiency initiatives.

Prepare monthly cost reports, margin analysis, and management dashboards.

Oversee inventory valuation, reconciliation, and physical inventory procedures.

Support the annual budgeting and quarterly forecasting processes.

Ensure compliance with accounting standards, internal controls, and company policies.

Provide financial input for CAPEX projects, product pricing, and business case evaluations.

Manage and mentor cost accounting staff and coordinate with internal/external auditors.

Требования:

Education:

Bachelor’s degree in Accounting, Finance, or a related field.

CPA, CMA, or MBA preferred.

Experience:

7+ years of experience in cost accounting, preferably in a manufacturing or chemical plant environment.

2+ years in a managerial or supervisory role.

Technical Skills:

Strong understanding of cost accounting principles, standard costing, and variance analysis.

Proficiency in ERP systems (e.g., SAP, Oracle, JD Edwards).

Advanced Excel skills and familiarity with data analysis/reporting tools (e.g., Power BI, Tableau).

Soft Skills:

Strong analytical and problem-solving skills.

Excellent communication and interpersonal abilities.

Detail-oriented with strong organizational and time management skills.

Ability to collaborate with cross-functional teams and present financial insights to non-finance stakeholders.

Knowledge of English, Turkish is preferable

Условия:
5/2 in Taraz Office with future relocation to Mine site near Baykadam",3–6 лет,Полная занятость,График: 5/2,8,На месте работодателя,10 мая 2025,https://hh.kz/vacancy/119828833,Не указано,Не указано,2025-05-10
Главный бухгалтер в сеть стоматологических клиник,ТОО Bas marketing (Бас маркетинг),Астана,"от 600 000 до 750 000 ₸ за месяц, на руки","Bas Dent – ведущая сеть стоматологических клиник в г. Астана.

Наша сеть состоит из четырех филиалов, и мы продолжаем активно расти и расширяться. Благодаря высокому качеству лечения и новейшему оборудованию наши клиники зарекомендовали себя как одни из лучших в Астане. ​

Сейчас мы в поиске Главного бухгалтера.

Обязанности:

Ведение полного цикла бухгалтерского и налогового учета;
Сдача всех видов отчетностей;
Отличное знание НК РК;
Составление отчетности и деклараций (100; 200; 300; 320; 328; 700; 870 и др.);
Взаимодействие с контролирующими органами, банками и другими организациями;
Учет движения денежных средств;
Начисление заработной платы, отпускных и иных выплат;
Ведение дебиторской и кредиторской задолженности;
Анализ экономической деятельности предприятия;
Оптимизация налогообложения, налоговый учет.
Работа в программе 1С-Бухгалтерия 8.3.
Требования:
Опыт работы на аналогичной позиции не менее 5-лет (работа в медицине или стоматологии будет преимуществом);
Высшее образование в области финансов или бухгалтерского учета;
Знание нормативных документов и отчетностей НК РК;
Знание ЭСФ, СНТ;
Умение работать в команде и с коллективом;
Умение налаживать и выстраивать работу бухгалтерского отдела;
Порядочность и исполнительность.
Желание работать.
Условия:
График работы 5/2 с 09.00 до 18.00;
Офис на правом берегу, ул. Кенесары, 8;
Возможность карьерного роста внутри Компании;
Растущая молодая компания и развивающийся коллектив;
Скидки на услуги клиники для сотрудников и близких родственников.
Если Вы соответствуете требованиям и готовы стать частью нашей команды, мы будем рады видеть ваш отклик.",более 6 лет,Полная занятость,График: 5/2,8,На месте работодателя,10 мая 2025,https://hh.kz/vacancy/119599202,Не указано,600000-750000 ₸,2025-05-10
Hr-менеджер (рекрутер) в онлайн-школу,ТОО ACADEMICA COURSES,Астана,"от 500 000 ₸ за месяц, на руки","Привет наш дорогой кандидат! Мы онлайн IT-школа Academica Courses и сейчас мы находимся в поиске HR-менеджера в нашу команду.

Мы — онлайн-школа Academica, участники Astana Hub, крупнейшего IT-технопарка Центральной Азии. За 3,5 года мы обучили 2500+ студентов, которые сейчас работают в таких компаниях, как Kaspi, Air Astana, Schlumberger и еще в 100+ ведущих компаниях. Наша цель — помогать людям строить успешную карьеру в IT и аналитике данных.

Мы ищем опытного HR-менеджера (рекрутера), который имеет опыт найма ОП и четко знает как это работает . Мы быстро растем и даем возможность сделать крутые результаты и сильный кейс вместе с нами.

Чем предстоит заниматься:

Поиск и подбор персонала, публикация вакансий на различных площадках;
Проведение аудио и видео собеседований, проведение первичного мотивационного тестирования;
Коммуникация с кандидатами: направление тестовых заданий, приглашений на собеседования, направление отказов и офферов;
Заполнение отчетности и контроль воронки найма.

Что для нас важно:

У тебя есть опыт работы рекрутером, HR-менеджером в онлайн-школе;
Ты хорошо знаешь рынок Казахстана и понимаешь менталитет;
Ты не боишься ""сложных вакансий"" и любишь общаться с людьми;
У тебя есть навык работы с массовым наймом (сейчас главная задача - массовый найм в отделы продаж);
Ты владеешь грамотной устной и письменной речью;
Ты всегда несешь ответственность за свой результат и умеешь работать в режиме многозадачности.

Что мы предлагаем:

Фиксированный оклад + бонус KPI;
График работы - 5/2, с 10 до 19, полная удаленка;
Есть возможность работать по ТК Казахстана;
Работа в современной и быстроразвивающейся команде с людьми, которые любят свое дело.

Если ты сейчас находишься в поиске проекта на полную занятость и готов расти вместе с нами, то откликайся и расскажи нам, какая твоя супер-сила HR .",3–6 лет,"Полная занятость
Возможно временное оформление",График: 5/2,8,Удалённо,10 мая 2025,https://hh.kz/vacancy/120355369,Не указано,от 500000 ₸,2025-05-10
Старший администратор учета продаж,ТОО NS 2GIS,Астана,"300 000 ₸ за месяц, на руки","Обязанности:
Контроль продаж
⁠Контроль АВР
⁠Контроль работ Администраторов учета продаж в регионах (АУП)
Проверка планирование
Проверка ведомостей
⁠Работа в базе данных 1C, CRM и т.д.
Формирование отчетности для руководства
Работа с аналитическими таблицами в приложениях MS Exсel, Google таблицы.
Взаимодействия с АУПами, с коммерцией, и с бухгалтерией
Требования:
Высшее образование (экономическое, математическое), техническое
Приветствуется опыт 1 год в должности аналитик отдела продаж, бухгалтер, экономист, ассистент отела продаж, сотрудник отвечающий за документооборот. Возможно рассматривать кандидата без опыта, при наличии навыков работы с Excel и хорошими аналитическими навыками.
Знание и навыки работы в программе 1С бухгалтерия 8.3, ИС ""ЭСФ""
Знание основы бухгалтерского учета в соответствии со стандартами бух. учета
Внимательность к деталям. Высокая переключаемость внимания. Внимательность не снижается при высокой скорости работы. Легко переключает внимание с одного на другое.
Аналитические навыки: умеет обрабатывать большой объем информации, умеет выделять основное, может выделить структуру.
Условия:

Оформление согласно ТК РК

График работы 5/2

компания угощает печеньками, чаем и кофе",1–3 года,Полная занятость,График: 5/2,8,На месте работодателя,10 мая 2025,https://hh.kz/vacancy/119586823,Не указано,300000 ₸,2025-05-10
Менеджер по проектам,ТОО Klimatrade,Алматы,"от 700 000 ₸ за месяц, на руки","«KLIMATRADE» — это компания, которая завоевала репутацию лидера на рынке поставок инженерного оборудования для строительства. Мы гордимся высочайшими стандартами качества и уровнем обслуживания наших клиентов. В связи с динамичным развитием нашего бизнеса, мы ищем энергичного и результативного Менеджера по проектам. Мы ценим профессионализм и стремление достигать результатов.

Обязанности:

Работа с проектными организациями;
Подбор климатического оборудования Klimatrade на ключевые проекты: государственные, коммерческие, промышленные;
Поиск потенциальных проектов: холодные звонки, переговоры, встречи, презентации;
Сотрудничество с государственными органами: акимат, генплан, проектные и строительные компании;
Ведение переговоров технического и коммерческого характера на всех стадиях проекта;
Подготовка коммерческих предложений, контроль документооборота;
Развитие долгосрочных отношений и увеличение объемов продаж;
Ведение всей отчетности по проектам в Bitrix CRM.

Требования:

Высшее образование, желательно техническое
Опыт работы в сфере продаж/ведения проектов от 3х лет, предпочтительно в области продажи промышленного оборудования, строительства или других B2B-сегментах
Навыки ведения переговоров и успешный опыт реализации проектов
Знание современных техник продаж и управления клиентским сервисом
Умение работать с аналитикой и отчетностью, а также принимать решения на основе данных
Ориентация на результат, высокий уровень ответственности и самоорганизации

Мы предлагаем:

Работу в успешной компании
Конкурентоспособную заработную плату, включающую фиксированный оклад и бонусы
Возможность реализации амбициозных проектов в быстроразвивающейся компании
Корпоративную связь
Корпоративное обучение и тренинги
Современный офис с комфортными условиями труда
Дружный и профессиональный коллектив

Условия:

Официальное трудоустройство согласно Трудовому кодексу РК
График работы: 5/2 с 09:00 до 18:00
Трудовой оплачиваемый отпуск 24 календарных дня в год

Если вы хотите стать частью команды ""KLIMATRADE"" и внести свой вклад в наш успех, пожалуйста, оставьте свой отклик прямо сейчас!

Мы ждем сотрудника, который готов расти и развиваться вместе с нами!",более 6 лет,Полная занятость,График: 5/2,8,На месте работодателя,10 мая 2025,https://hh.kz/vacancy/119960238,Не указано,от 700000 ₸,2025-05-10
Руководитель отдела продаж,ТОО Медиашкола,Алматы,"от 500 000 до 1 500 000 ₸ за месяц, на руки","Ищем РОПа (руководителя отдела продаж) в инновационную образовательную компанию!

Spaced — это онлайн-платформа, предлагающая уникальные возможности для учеников с 7 класса. Она полностью заменяет традиционную школьную программу, предоставляя ученикам возможность освоить весь учебный курс с активной поддержкой кураторов. Spaced фокусируется на индивидуальном подходе, предлагая гибкое обучение, которое позволяет каждому ученику работать в удобном для себя темпе.

Миссия компании — Создавать инновационные образовательные продукты, которые помогают развивать навыки и знания, отвечая на потребности современного общества.

Наши решения нацелены на то, чтобы обеспечить устойчивое развитие образования и вдохновить людей на самовыражение и достижения.

Spaced — это динамично развивающаяся онлайн-школа, которая:

Увеличила свой рост в три раза за год
Разрабатывает уникальные образовательные программы
Использует собственную платформу с интегрированным искусственным интеллектом
Помогает студентам зарабатывать уже во время обучения
Способствует нахождению профессии для своих студентов

Мы уверены, что образование — это сила, которая способна изменить мир, и каждый день работаем над созданием доступных и эффективных решений для всех.

Условия работы:

Удобный график с 09:00 до 18:00ч.
Работа в Битрикс24 и Notion с аналитикой маркетинга, продаж, звонков и чатов
Заработная плата: Оклад + KPI + Бонусы ( от 500 000 до 1 500 000) тенге. По результатам собеседования совместно сформируем прозрачную систему мотивации.
Офис с видом на горы, ул. Маркова 44
Своевременная оплата
Работа в творческой атмосфере, где ты точно не выгоришь
Выходные дни без тревог, 2 раза в неделю
Официальное трудоустройство

Основные обязанности:

Управление отделом продаж, формирование команды.
Построение эффективной системы продаж.
Разработка и реализация стратегии продаж.
Выполнение плана продаж.
Постановка и контроль выполнения KPI.
Взаимодействие с другими подразделениями для увеличения выручки.
Обеспечение своевременного внесения данных менеджерами в CRM и контроль их актуальности.
Обеспечение бесперебойной работы CRM системы.
Создание эффективных скриптов продаж.
Постоянный мониторинг ключевых метрик: объем продаж, конверсии, средний чек.
Подготовка отчетов по результатам работы отдела и рекомендации по улучшению.
Внедрение новых инструментов для увеличения продаж.

Мы ищем тебя, если ты:

Ты опытен в продажах и умеешь управлять командой — ты знаешь, как достигать целей и выводить команду на новый уровень.
У тебя есть опыт наставничества — ты готов обучать и развивать менеджеров по продажам, находя лучшие способы их мотивации и эффективности.
Ты умеешь работать с цифрами и анализировать результаты — тебе важна каждая деталь для достижения максимальных показателей.
Ты открыт для новых идей и готов внедрять изменения — креативность и улучшения для тебя не проблема, но ты умеешь сохранять дисциплину.

Если ты умеешь вдохновлять и развивать, отправляй свою кандидатуру прямо сейчас!

Напиши «Готов развивать и вдохновлять» и мы свяжемся с тобой в первую очередь.",1–3 года,Полная занятость,График: 5/2,8,На месте работодателя,10 мая 2025,https://hh.kz/vacancy/119009713,Не указано,500000-1500000 ₸,2025-05-10
Финансовый менеджер,ТОО Kemel Education,Астана,"от 400 000 ₸ за месяц, на руки","О компании

ТОО ""Kemel Education"" создает современные образовательные пространства. Наша компания специализируется на оснащении учебных организаций передовым оборудованием и инновационными решениями.

Требования:

Высшее финансово-экономическое образование

Дисциплинированность, ответственность и умение работать в команде

Уверенное владение Microsoft Excel

Опыт работы от 1 до 3 лет — желательно

Обязанности:

Разноска ежедневных операций и ведение управленческого учета по проектам

Контроль и анализ доходов и расходов

Подготовка финансовых отчетов и аналитики для руководства

Планирование и контроль исполнения бюджета компании

Контроль дебиторской и кредиторской задолженности

Оптимизация финансовых потоков и участие в управлении денежными средствами

Взаимодействие с банками, налоговыми органами, аудиторами

Участие в автоматизации и улучшении финансовых процессов

Финансовый контроль и сопровождение договоров и сделок

Поддержка инвестиционных и стратегических решений компании через финансовый анализ

Что мы предлагаем:

Конкурентоспособную заработную плату
Полный социальный пакет в соответствии с ТК РК
Корпоративные льготы и бонусы
Пятидневную рабочую неделю: с 09:00 до 18:00, сб/вс – выходные
Возможности профессионального развития и карьерного роста
Обучение и повышение квалификации за счет компании
Работу в дружной и результат-ориентированной команде
Корпоративные мероприятия и тимбилдинги в г. Астана за счет компании",1–3 года,Полная занятость,График: 5/2,8,На месте работодателя,10 мая 2025,https://hh.kz/vacancy/119800303,Не указано,от 400000 ₸,2025-05-10
Финансовый менеджер,ТОО Balbobek Group,Алматы,Не указано,"Balbobek - это казахстанская компания, которая занимается оптово-розничной продажей детских товаров. Компания основана в 2005 году и на сегодняшний день является крупнейшей компанией по продаже детских товаров в Казахстане.

Balbobek предлагает широкий ассортимент товаров для детей от рождения до 14 лет, включая игрушки, товары для новорожденных, товары для творчества и развития, товары для спорта и отдыха, товары для гигиены и ухода. Компания сотрудничает с ведущими производителями детских товаров из России, Европы и Азии.

Balbobek - это компания, которая заботится о детях и ​​​​стремится сделать детство детей счастливым и безопасным. Компания предлагает широкий ассортимент качественных товаров по доступным ценам.

Обязанности:

Бюджетирование, финансовое и налоговое планирование
Управление финансовыми потоками предприятия, ведение платежного календаря, обеспечение платежной дисциплины
Составление регулярной финансовой и управленческой отчетности (операционные результаты на еженедельной основе, месячные и годовые финансовые отчеты, план/факт анализ)
Проверка корректного отражения данных в 1С при закрытии отчетного периода, участие в автоматизации процессов бухгалтерского учета
Анализ производственных и финансово-экономических показателей, расчет себестоимости, нормирование и распределение затрат
Согласование условий договоров с контрагентами, контроль дебиторской и кредиторской задолженности
Финансовое моделирование, технико-экономические расчеты.
Требования:
Выпускники ВУЗов по экономическим специальностям (КИМЭП, КБТУ, Назарбаев Университет и другие)
Релевантный опыт работы в аудите и консалтинге (предпочтение кандидатам из BIG4), планово-экономическом / финансовом блоке торговых и производственных предприятий в качестве финансового менеджера / финансового контролера.
Понимание специфики работы торговых и производственных компаний.
Наличие сданных экзаменов по программам профессиональной квалификации ACCA, CIMA, CFA будет преимуществом
Умение работать в 1С 8.3 + продвинутый уровень в Excel
Навыки по подготовке консолидированной финансовой отчетности согласно МСФО; знание налогового законодательства.
Что мы предлагаем:
Получить колоссальный опыт в корпоративных финансах и применить его на практике,
Стать ключевым финансовым лидером быстрорастущей компании.",более 6 лет,Полная занятость,График: 5/2,8,На месте работодателя,10 мая 2025,https://hh.kz/vacancy/119458265,Не указано,Не указано,2025-05-10
Ассистент руководителя / Бизнес-аналитик,ТОО Sattar Consulting,Алматы,Не указано,"О компании

Sattar Consulting — юридическая компания с сильной экспертизой в сфере взыскания задолженности, аутсорсинга и сопровождения бизнеса. Наша цель — эффективность и масштабируемость. Мы ищем сотрудника, который будет усиливать контроль, аналитику и личную эффективность руководителя.

‍ Кого мы ищем

Вы — системный, внимательный и дисциплинированный специалист, который сможет работать с цифрами, автоматизацией, календарями и документами. Готовы быть на связи 24/7, если нужно? Умеете собирать и анализировать управленческую отчетность? Тогда мы ждем вас.

️ Обязанности

Управленческая аналитика:

Ведение отчетности:
Прибыль/убытки (P&L),
Движение денег (Cash Flow),
Дебиторская задолженность (ДДУ),
Маржинальность проектов;
Сбор и анализ данных по направлениям (B2C, B2B, банкротства);
Работа с Bitrix24, Google Sheets, Excel (формулы, дашборды, сводные);
Контроль CRM: сделки, воронки, конверсии, средний чек, KPI;
Подготовка отчетов для собственника: месячные и квартальные;
Визуализация данных, поиск узких мест, предложения по улучшению.

‍ Ассистирование:

Ведение личного и рабочего календаря руководителя;
Организация встреч, поездок, коммуникаций;
Контроль выполнения поручений;
Подготовка презентаций, актов, договоров, писем;
Контакт с клиентами, ЧСИ, нотариусами, партнерами от имени руководителя;
Оперативная связь и реагирование 24/7 при необходимости.

✅ Требования

Опыт в аналогичной роли — от 1 года;
Уверенное владение:
Excel, Google Таблицы (обязательно);
Bitrix24 (обязательно);
Знание языков:
Русский — свободно;
Казахский — на хорошем уровне;
Английский — не ниже intermediate (для деловой переписки и аналитики);
Системность, внимательность, готовность к многозадачности;
Высокая ответственность и личная дисциплина;
Презентабельность и навыки делового общения.

⚙️ Условия

Работа в стабильной юридической компании;
Прямое взаимодействие с первым лицом;
Комфортный офис в центре Алматы;
Четкие задачи, регулярная обратная связь;
Гибкая компенсация за ненормированный труд и участие в проектах.

Как откликнуться

Откликнитесь на hh.kz или отправьте резюме + краткую информацию о себе",3–6 лет,Полная занятость,График: 6/1,8,На месте работодателя,9 мая 2025,https://hh.kz/vacancy/120180657,Не указано,Не указано,2025-05-09
Аналитик данных,ООО РД Технологии,Алматы,Не указано,"Привет! Мы — Tothemoon, одна из самых быстрорастущих криптовалютных бирж в мире с широкой линейкой крипто-продуктов. Нам уже 8 лет, мы работаем в 160+ странах, обслуживаем 1+ млн пользователей.

Сейчас мы ищем аналитика по работе с данными в наше продуктово маркетинговое направление.

Почему мы:

Прямое влияние на продукт — без бюрократии
‍ Сильная senior-команда и высокая инженерная планка
Свобода и ответственность: сам управляешь подходом
Гибкий график — без душных митингов
Рост в продукт или технику
Погружение в мир Web3, крипты и трейдинга

Что ты будешь делать:

Настраивать сквозную аналитику воронки привлечения пользователей
Отслеживать источники трафика: UTM-метки, партнёрки, органика
Повышать конверсию на 10–20% (через воронки, узкие места, сегментацию)
Визуализировать метрики: конверсии, CAC, время на этапе, отток
Строить дашборды в Power BI / Tableau
Проводить A/B тесты, анализировать p-value, доверительные интервалы
Интегрировать Google Analytics, AppsFlyer, Amplitude, Mixpanel с внутренними системами
Делать когортный анализ, сегментацию, прогнозы
Гарантировать соответствие аналитики GDPR, PCI DSS и т.д.
Делать регулярные отчёты для маркетинга и продукта с actionable insights

✅ Что мы от тебя ждём:

4+ лет опыта аналитики в финтехе / крипте / e-com
Отличный SQL (оптимизация, большие объёмы)
Опыт с GA4, Amplitude, Mixpanel, AppsFlyer
Навыки в Tableau / Power BI
Умение запускать и интерпретировать A/B тесты
Понимание CAC, LTV, ROAS, ROI
Python или R для анализа
Знание BigQuery, Snowflake или Redshift
Уровень английского — B2+

⭐️ Будет плюсом:

Опыт с блокчейн-данными
Знание HubSpot, Salesforce
Курсы и сертификаты по аналитике (Google, Coursera)
Опыт с API
Знание UX-аналитики (Hotjar, сессии, тепловые карты)

Условия:

Конкурентная оплата в USDT
Гибкий график, формат — офис в Алматы / гибрид
Полностью оплачиваемые отпуск и больничные
Много свободы и ответственности в решении задач.
Мы продуктовая компания, а это значит, что мы сами принимаем решения по развитию продукта.
Возможность прокачать себя в теме трейдинга/блокчейн",3–6 лет,Полная занятость,График: 5/2,8,На месте работодателя,9 мая 2025,https://hh.kz/vacancy/120297653,Не указано,Не указано,2025-05-09
Ассистент по работе с клиентами,ТОО AVIATA.KZ,Алматы,Не указано,"aviata business — инновационное решение для организации деловых поездок.

Благодаря aviata.business Вы cможете найти, забронировать и купить авиабилеты в Казахстане онлайн на рейсы практически любой авиакомпании в мире.

Мы верим в ценность людей, которые у нас работают, вне зависимости от занимаемой должности. Мы стремимся к долгосрочным отношениям и всегда находимся в поиске талантов.

Обязанности:
Сбор баз данных прямых контактов (источники: компании холдинга, Statsnet, LinkedIn и другие открытые источники);
Координация подписания договоров с новыми клиентами (до перехода на оферты);
Ведение аналитики по outbound продажам;
Настройка и запуск рассылок в Lemlist, WhatsApp и других каналах. Работа в системе AmoCRM;
Участие в разработке и тестировании A/B-скриптов для Lemlist и WhatsApp-рассылок Обработка запросов входящих клиентов — от первичных звонков до завершения сделки;
Работа в административной панели;
Заполнение форм для передачи клиентов КАМам;
Контроль дедлайнов (отслеживание сроков ответов клиентов, повторных касаний).
Условия:
Стильный офис в центре Алматы на Абая/Гагарина;
Официальное трудоустройство;
Корпоративный институт, тимбилдинги;
Обучение за счёт компании. Если хотите пройти курсы или пойти на конференцию, связанную с вашей работой, компания готова оплатить стоимость обучения;
Библиотека с профессиональной литературой. Мы регулярно обновляем список книг.",1–3 года,Полная занятость,График: 5/2,8,На месте работодателя,10 мая 2025,https://hh.kz/vacancy/118810538,Не указано,Не указано,2025-05-10
Финансовый менеджер,3205.team,Алматы,Не указано,"3205.team - международная команда из США, России и Украины и мы создали продукты для 100 миллионов пользователей.

За последние 7 лет команда разработала 6 мобильных и десктопных приложений для работы с видео, 4 из которых обеспечили устойчивое преимущество на зарубежном рынке.

Что предстоит делать:

Вести управленческий учет: подготавливать ежемесячные управленческие отчеты;
Бюджетировать: подготавливать и вести бюджеты, контролировать и анализировать бюджетные показатели;
Контролировать финансовые операции компании;
Контролировать бухгалтеров и других подрядчиков, оказывающих компании бухгалтерские и финансовые услуги;
Обеспечивать сбор и хранение финансовой и бухгалтерской документации: договоры, инвойсы, акты и т.д.;
Консультировать команду по финансовым вопросам.
Работать с налоговым календарем компании: контролировать сроки подачи отчетности

Основные требования:

Опыт работы на схожей позиции от одного года, опыт с аналогичными задачами в IT индустрии будет преимуществом;

Знания и опыт в области финансового анализа, бюджетирования, стратегического планирования, анализа эффективности, бухгалтерского учета;

Владение английским языком на разговорном уровне!

Личные качества:

Гибкость и оперативность - вы чётко понимаете запросы бизнеса, быстро и самостоятельно принимаете оптимальные решения и быстро действуете;

Коммуникабельность и умение работать в команде;

Ответственность за результат;

Умение объяснить простым языком сложные финансовые вещи.

Мы предлагаем:

Удалённую работу в команде с горизонтальной структурой без бюрократии;

Прозрачную схему коммуникаций и готовность команды помочь;

Привязку зарплаты в долларах;

36 дней дей-оффов в год, которые можно взять в любом количестве в удобное для вас время.",1–3 года,Полная занятость,Не указано,Не указано,Удалённо,10 мая 2025,https://hh.kz/vacancy/119967685,Не указано,Не указано,2025-05-10
Менеджер продукта (Product Manager) middle+,ТОО Documentolog,Астана,Не указано,"Друзья, наша компания находится в поисках Менеджера продукта!

Ключевые задачи (обязанности):
- Формирование и реализация продуктовой стратегии с измеримыми KPI;
- Проведение исследований пользователей и рынка для выявления возможностей развития;
- Разработка концепций и гипотез продуктовых решений на основе данных;
- Создание User Flow, User Story и прототипов для эффективной коммуникации с дизайнерами и разработчиками;
- Приоритизация задач с использованием методологий RICE, ICE или MoSCoW;
- Внедрение системы продуктовых метрик и их регулярный анализ;
- Проведение A/B-тестирований для валидации гипотез;
- Организация сбора и анализа обратной связи от пользователей;
- Регулярный конкурентный анализ и отслеживание трендов рынка;
- Взаимодействие с кросс-функциональными командами для достижения общих целей;
- Менторинг младших продакт-менеджеров и участие в их профессиональном росте.

Что мы ожидаем (требования):
- Минимум 1 год успешного опыта на позиции продакт-менеджера;
- Умение переводить бизнес-цели в продуктовые решения;
- Навыки работы с аналитикой и данными для принятия решений;
- Опыт создания UX/UI концепций и работы с CJM;
- Понимание принципов Agile/Scrum и опыт работы в этих методологиях;
- Технический бэкграунд, достаточный для эффективной коммуникации с разработчиками;
- Навыки подготовки презентаций и документации продукта;
- Стратегическое мышление и умение видеть ""большую картину"";
- Развитые коммуникативные навыки и умение убеждать.

Условия:

- Интересная насыщенная работа;
- Конкурентная заработная плата;
- Ежегодная индексация заработной платы;
- Возможность карьерного и финансового роста;
- Крутые корпоративные мероприятия и кофе-брейки;
- Мерч от Компании;
- Официальное оформление согласно ТК РК с первого дня.

Система мотивации:
- Беспроцентные займы: Финансовая поддержка сотрудников, проработавших в компании более 1 года;
- Фантомные акции компании: Сотрудники с опытом работы более 1 года получают возможность получать процент от чистой прибыли компании. Количество фантомных акций увеличивается с каждым годом работы в знак признательности за преданность и лояльность сотрудника.",1–3 года,Полная занятость,График: 5/2,8,Не указано,10 мая 2025,https://hh.kz/vacancy/119224864,Не указано,Не указано,2025-05-10
